Num,Team Name,Team Members,Score,Entries
1,Oleg Trott,Oleg Trott,0,16
2,Humberto Brandão,Humberto Brandão,0.41006,40
3,Ecopoiesis,Ecopoiesis,0.41094,17
4,Pierre Fillard,PierreF,0.42497,6
5,LucyGuo,LucyGuo,0.4254,15
6,r4m0n,r4m0n,0.42683,23
7,Alexander Ryzhkov,Alexander Ryzhkov,0.43059,15
8,Little Boat,Little Boat,0.43299,18
9,kambarakun,kambarakun,0.44092,4
10,AMilkov,AMilkov,0.44475,72
11,YuiYu,_KechodamaTakke,0.44597,11
12,Shize Su,Shize Su,0.44928,21
13,Jure Zbontar,Jure Zbontar,0.45016,3
14,gavrand,gavrand,0.45488,20
15,WAIR,Paul Chen,0.45793,18
16,Gilberto Titericz Junior,Gilberto Titericz Junior,0.459,27
17,dhammack,dhammack,0.4598,2
18,Rodrigo Malacarne,Rodrigo Malacarne,0.46157,71
19,yseeker,yseeker,0.46624,40
20,Toma Hentea,Toma Hentea,0.46796,60
21,Andre,Andre,0.47248,16
22,Alex 2,Alex,0.47885,38
23,Magpie,Shai Ronen,0.48145,6
24,Rob Wishart,Rob Wishart,0.48356,20
25,Wei Dong,Wei Dong,0.49366,2
26,Joel McLeod,Joel McLeod,0.49711,74
27,Tilii,Tilii,0.49844,30
28,yinbaocai,yinbaocai,0.50742,8
29,qfpxfd,dingjwangdhuzqCrazyScientistJiabao,0.5075,25
30,Krispy Dreams,Dan CoombsDavidLauschke,0.50904,10
31,ThinkLoud,ThinkLoud,0.51093,47
32,Lyalikov Artyom,Lyalikov Artyom,0.5142,82
33,Tony Y.,Tony Y.,0.51685,15
34,yitu,Zhenhua Fan,0.51734,19
35,Evis Barbullushi,Evis Barbullushi,0.5177,17
36,nhlx5haze,nhlx5haze,0.5214,7
37,Rome,YuxuanLuo,0.52332,9
38,ShizeLu,ShizeLu,0.52332,18
39,TonyChan,TonyChan,0.52336,26
40,Z.Y.,Z.Y.,0.52344,1
41,Mike 2,Mike,0.52543,12
42,Paulo Pinto,Paulo Pinto,0.52543,26
43,sapere aude,sh1ng,0.52559,1
44,Clark C Maine,Clark,0.52683,28
45,Bojan Tunguz,Bojan Tunguz,0.52715,55
46,malr87,malr87,0.5285,17
47,dreamteam,AlekseiGABA,0.52903,41
48,Leandro Coelho,Leandro Coelho,0.52983,66
49,fei_alpha,fei_alpha,0.53079,14
50,Alexander Izvorski,Alexander Izvorski,0.53132,24
51,ScienceBling,shartooYangJingJing,0.53144,15
52,Vihang Patil,Vihang Patil,0.53149,17
53,Peter Saadbye,Peter Saadbye,0.53216,12
54,Fangda Li,Fangda Li,0.53309,24
55,data dict,data dict,0.53445,20
56,Eduardo Franco,Eduardo Franco,0.53462,25
57,Ateam,Ateam,0.53501,45
58,BlackCore,BlackCore,0.53604,14
59,Everton Silva,Everton Silva,0.53604,9
60,Valentin Tiriac,Valentin Tiriac,0.53622,6
61,Invati Ram,Invati Ram,0.53696,20
62,Alexander,Alexander,0.53707,15
63,ZFTurbo,ZFTurbo,0.53803,11
64,Praveen Adepu,Praveen Adepu,0.53816,16
65,Shuan,Shuan,0.53818,32
66,¯\_(?)_/¯,¯\_(?)_/¯,0.53874,5
67,DeepBrain,Steven LiuShuji HaoDu JiaweiweiwenRick Goh,0.53946,21
68,Cat,Cat,0.53988,36
69,Vicens Gaitan,Vicens Gaitan,0.53991,27
70,JohnM,JohnM,0.54017,19
71,IAmYourFather,IAmYourFather,0.54116,3
72,Abhishek,Abhishek,0.54134,1
73,EXL Analytics,rangerDavisMohd Shadab Alam,0.54148,19
74,feixyz,feixyz,0.5415,8
75,Kele Xu,Début_Kele,0.54156,4
76,Wenlong Shen,Wenlong Shen,0.54158,19
77,nodalpoints,desertnautCostas VoglisOuranos,0.54208,9
78,Ralph Neumann,Ralph Neumann,0.54234,44
79,João Victor,João Victor,0.54252,10
80,Wrosinski,Wojtek Rosinski,0.5426,18
81,clustifier,clustifier,0.54265,20
82,Miika Klemetti,Miika Klemetti,0.54266,3
83,Regreesioner,Regreesioner,0.54266,4
84,VivekMangipudi,VivekMangipudi,0.54266,10
85,RxRx,RxRx,0.54266,55
86,Abhishek Ranjan,Abhishek Ranjan,0.54266,1
87,Eu Yo Ahc,Eu Yo Ahc,0.54266,12
88,deadmau,deadmau,0.54266,48
89,SulaimanVesal,Aramis,0.54266,14
90,Infopulse_team,DimaSakovichKostiantyn Dovgalshevva,0.54266,2
91,Russ Boucher,Russ Boucher,0.54266,7
92,feixuejianhun,feixuejianhun,0.54266,1
93,BenjaminLott,BenjaminLott,0.54266,15
94,Johnny Strings,Johnny Strings,0.54266,10
95,Mathurin Aché,Mathurin Aché,0.54266,23
96,RobertColeman,RobertColeman,0.54266,11
97,Akila Wajirasena,Akila Wajirasena,0.54266,14
98,GxweP1,GxweP1,0.54266,16
99,OverfitterScientist,OverfitterScientist,0.54266,42
100,NxGTR,NxGTR,0.54266,15
101,Yuqing Xue,Yuqing Xue,0.54266,1
102,ilovescience,ilovescience,0.54266,8
103,Murilo Gazzola,Gazzola M.,0.54266,13
104,hitszzy,hitszzy,0.54266,3
105,DL,DL,0.54266,7
106,Niranjan Singh,Niranjan Singh,0.54266,1
107,Marius Bock,Marius Bock,0.54266,3
108,Alexandr Seleznyov,Alexandr Seleznyov,0.54266,2
109,tinkerkraft,Prasad S NaikJassiMohit,0.54266,14
110,tkchka,tkchka,0.54266,4
111,Niranjan Kumar Nakkala,Niranjan Kumar Nakkala,0.54266,1
112,John Seamons,John Seamons,0.54266,2
113,Tina,Tina,0.54266,1
114,fsodogandji,fsodogandji,0.54266,1
115,Willie Liao,Willie Liao,0.54266,1
116,HelloGo,HelloGo,0.54266,1
117,HirokiAramaki,HirokiAramaki,0.54266,4
118,Kevin Soucy,Kevin Soucy,0.54266,11
119,Pavel Svintsov,Pavel Svintsov,0.54266,4
120,NirKarpati,NirKarpati,0.54266,28
121,Erwan Le Covec,erwanlc,0.54266,11
122,Julien Heiduk,Julien Heiduk,0.54266,3
123,AMOD,Sabine McConnellMitebTaylor W+5,0.54266,7
124,Vlad Balanda,Vlad Balanda,0.54266,43
125,Roxana Mihai,Roxana Mihai,0.54277,20
126,DeepCube,SecondPlan,0.5428,12
127,Rohith M L,Rohith M L,0.54304,10
128,Fayzur,Fayzur,0.54341,12
129,NikolayBurlutskiy,NikolayBurlutskiy,0.54351,7
130,Janos,Janos,0.54385,29
131,Hakeem,Hakeem,0.54386,1
132,Maciej,Maciej,0.54386,15
133,sp,sp,0.54386,7
134,Super Challenger,Super_Challenger,0.54386,2
135,Datador,Datador,0.54386,1
136,Saurabh Gupta,Saurabh Gupta,0.54386,7
137,Chakkrit Termritthikun,Chakkrit Termritthikun,0.54386,26
138,AnassAlouane,AnassAlouane,0.54386,4
139,deep_learning_w,deep_learning_w,0.54386,3
140,DEVAS,andrekosraigon,0.54386,4
141,XKaggler,XKaggler,0.54386,1
142,Lungar,Abhinav AgarwallaArnavJainpph46ArnaGhosh,0.54386,4
143,SPECTRE RIDER,Sidharth,0.54386,18
144,nfiniity,apgeorgfirolino,0.54386,20
145,HDKIM,HDKIM,0.54393,42
146,Easy-Company,PanissonPaoloB,0.54401,4
147,ZZ Top,Alexey VoropaevSergei BernadskyVladimir KhramovDmitry V. S.,0.54449,7
148,Aditya_,Aditya,0.54456,1
149,threedB,threedB,0.54458,6
150,Seunghee Lee,Seunghee Lee,0.54458,3
151,CeShine Lee,CeShine Lee,0.54458,12
152,Nishant Kumar,Nishant Kumar,0.54458,1
153,Rezha Julio,Rezha Julio,0.54458,2
154,ilyes,ilyes,0.54458,1
155,Achal,Achal,0.54458,2
156,Isaac,Isaac,0.54458,2
157,jesting.pilate,jesting.pilate,0.54458,2
158,Srikanth Sankaran Iyer,Srikanth Sankaran Iyer,0.54458,2
159,Alexey Matveev,Alexey Matveev,0.54458,1
160,SaeedAzarshab,SaeedAzarshab,0.54458,1
161,Elena Cuoco,Elena Cuoco,0.54458,19
162,jacobkie,jacobkie,0.54473,15
163,Daniel Adornes,Daniel Adornes,0.54475,2
164,BMC Innovo,BMC Innovo,0.54524,1
165,JZIMA,JZIMA,0.54572,2
166,Chris Halfacre,Chris Halfacre,0.54572,18
167,NickShargan,NickShargan,0.54573,15
168,Cosmos,Tien-Dung Le,0.54593,3
169,MojoJojo,MojoJojo,0.54593,2
170,Florian Laroumagne,Florian Laroumagne,0.54635,2
171,Patrick Chan,Patrick Chan,0.54652,3
172,Mads,Mads,0.54715,13
173,xENHANCED_,xENHANCED_,0.54746,22
174,xyz,xyz,0.5475,4
175,KGA,KGA,0.54758,21
176,William Hau,William Hau,0.54758,4
177,Nilotpal Sinha,Nilotpal Sinha,0.54758,5
178,Amine Akrout,Amine Akrout,0.54758,2
179,srinivas mudhiraj,srinivas mudhiraj,0.54758,1
180,AustinPowell,AustinPowell,0.54758,2
181,hemant,hemant,0.54758,1
182,Sasho Nedelkoski,Sasho Nedelkoski,0.54758,1
183,Yinan,Yinan,0.54759,1
184,Alexander Larko,Alexander  Larko,0.54768,10
185,U023,Hyun Ook Ryu,0.54778,2
186,GMR_,GMR_,0.54802,1
187,Travis Glines,Travis Glines,0.54853,20
188,Akhilesh Kumar,AK,0.54853,29
189,Pan Tofelek,Grzegorz Sionkowski,0.54861,26
190,Lamb,Lamb,0.54894,18
191,Bohdan Pavlyshenko,Bohdan Pavlyshenko,0.54903,14
192,Airon,Airon,0.54926,25
193,Aindriú,Aindriú,0.54968,7
194,Oleg Panichev,Oleg Panichev,0.54975,6
195,irinaai,irinaai,0.54975,1
196,SonicAlch3mist,SonicAlch3mistGirish,0.54995,17
197,Chenkai Li,Chenkai Li,0.55007,2
198,"Great Lakes, Chennai",Bharat S Raj,0.55007,6
199,Jadiel,Jadiel,0.55007,3
200,Harw,Harw,0.55007,2
201,Medrr,Medrr,0.55012,58
202,Avichai Tendler,Avichai Tendler,0.55019,3
203,Manoj Pathak,Manoj Pathak,0.55035,1
204,DrorSh,DrorSh,0.55054,6
205,Matteo Franchi,Matteo Franchi,0.55059,34
206,Aditya Thakur,Aditya Thakur,0.55063,12
207,Arijit,Arijit,0.55068,2
208,DATA-MAN,DATA-MAN,0.55082,12
209,JeffH,JeffH,0.55082,1
210,insist,insist,0.55108,1
211,saturday1949,saturday1949Johnny,0.55125,21
212,crownpku,crownpku,0.55125,3
213,DAC team,Alexey Ushakov,0.55125,7
214,none,none,0.55125,1
215,vbk,vbk,0.55125,2
216,SD_564,SD_564,0.55125,1
217,Mandelbrot,Roberto Ruiz,0.55125,17
218,fromAtoB,fromAtoB,0.55125,3
219,pym1993,pym1993,0.55125,3
220,chelovek,chelovek,0.55125,9
221,Andrew Kreimer,algonell,0.55125,4
222,Shark,Shark,0.55125,2
223,Tong,Tong,0.55125,2
224,iris2007,iris2007,0.55164,4
225,SY,Sergey Yurgenson,0.55182,8
226,Konrad Banachewicz,Konrad Banachewicz,0.55195,3
227,Scirpus,Scirpus,0.55225,6
228,RKR,RKR,0.5524,2
229,Ramita Temtae,Ramita Temtae,0.55251,5
230,Miguel Fierro,Miguel Fierro,0.5527,10
231,litaiyi,litaiyi,0.55277,10
232,Ravi Sankar,Ravi Sankar,0.55287,3
233,Ioannis Ioannou,Exterminator,0.55292,27
234,Scott Goodfriend,Scott Goodfriend,0.55296,10
235,Vladimir Larin,Vladimir Larin,0.55321,3
236,Roberto Spadim,Roberto Spadim,0.55339,1
237,Minnilyn,Minnilyn,0.55339,2
238,Nathan,Nathan,0.55339,2
239,Behrang,Behrang,0.55339,1
240,Ricardo Yamamoto Abe,Ricardo Yamamoto Abe,0.55344,7
241,Patorn Utenpattanun,Patorn Utenpattanun,0.55375,1
242,Hamel,Hamel Husain,0.55399,5
243,AjaykumarManimala,AjaykumarManimala,0.55407,2
244,deep-isazi,DarioFanucchiJasonPerlowDevin-TaylorJamesAllinghamAshaTailor,0.55421,2
245,Momchil Georgiev,Momchil Georgiev,0.55426,3
246,Kasper P. Lauritzen,Kasper P. Lauritzen,0.55469,4
247,Rohit Ghosh,Rohit Ghosh,0.555,7
248,numpy,numpy,0.5551,42
249,zipp,zipp,0.55521,1
250,Sum 41 - In Too Deep,317070fgMatthiasF+5,0.55555,19
251,dionseow,dionseow,0.55611,7
252,Xavier Van Ausloos,Xavier Van Ausloos,0.55681,3
253,pittzzll,pittzzll,0.55704,1
254,Evgeny Mun,Evgeny Mun,0.55713,8
255,dvsTeam,Rui QuintinoRui Barbosa,0.55714,16
256,Escape_Master,bingzhewuZCLiu,0.55719,15
257,DavidHansen,DavidHansen,0.55721,20
258,slonoslon,slonoslon,0.55758,13
259,Sreenivasulu Puli,Sreenivasulu Puli,0.55812,3
260,Dmitry Kozlov,Dmitry Kozlov,0.55863,3
261,Bogdan Ghenea,Bogdan Ghenea,0.55888,2
262,Feng Zhu,Feng Zhu,0.55901,1
263,Danny P.,dportman,0.55913,3
264,Mikhail Kuznetsov,Mikhail Kuznetsov,0.55916,8
265,Byeong-wooJeon,Byeong-wooJeon,0.55924,21
266,MichaelXu,MichaelXu,0.55986,9
267,Nick Sarris,Nick Sarris,0.56014,12
268,Lung Fung Soup,Siddharth Chandrakant,0.56018,4
269,Balzano,Francesco CivardiChiarac,0.56058,2
270,phunter,phunter,0.56058,3
271,Amy Li,Amy Li,0.56058,1
272,HanWang,HanWang,0.56066,1
273,anokas,anokas,0.56077,5
274,sva_shz,my own sva,0.56078,2
275,DataGeek,DataGeek,0.56078,5
276,meefly,meefly,0.56078,5
277,DarkLungs,Nir Malbin,0.56109,4
278,Valeriu Radu,Valeriu Radu,0.56112,5
279,Damodar,Damodar,0.56114,9
280,kumargayatri,kumargayatri,0.56127,3
281,Zombie,Zombie,0.5613,3
282,geop5,geop5,0.5613,1
283,Lawrence Chernin,Lawrence Chernin,0.5613,1
284,Jing Lu,Jing Lu,0.5613,1
285,mr_yogurt,mr_yogurt,0.5613,4
286,Steve Joly,Steve Joly,0.5613,3
287,Ayman Khalafallah,Ayman Khalafallah,0.5613,2
288,dalgacik,dalgacik,0.5613,1
289,Chuan Wang,CW,0.5613,13
290,Meng Ze,Meng Ze,0.5613,1
291,kaggle446,kaggle446,0.5613,4
292,Teracrator,Teracrator,0.5613,6
293,AlenJacob,AlenJacob,0.5613,2
294,Kannappan Sirchabesan,Kannappan Sirchabesan,0.5613,2
295,keras_cures,IsaacMcKillen-Godfried,0.5613,3
296,james,james,0.5613,10
297,Keiku,Keiku,0.5613,1
298,DL_RL_AI,Zhou,0.56154,7
299,PulkitChaturvedi,PulkitChaturvedi,0.56164,2
300,Mukesh Maji,Mukesh Maji,0.56171,2
301,Amith Ferris Prabhu,Amith Ferris Prabhu,0.56171,3
302,RaghavendraKommavarapu,RaghavendraKommavarapu,0.56171,1
303,Aakshi Sharma,Aakshi Sharma,0.56171,1
304,jaleto,jaleto,0.56178,14
305,Yu Hai,Yu Hai,0.56213,24
306,alijs,alijs,0.56213,4
307,Udaya Bhanu,Udaya Bhanu,0.56213,1
308,Daniel Chin,Daniel Chin,0.56213,1
309,need more gpus,KyleLee,0.56213,4
310,Lê Quang Nam,Lê Quang Nam,0.56213,1
311,Jmh1,Jmh1,0.56213,6
312,cromatog,cromatog,0.56234,2
313,philrs5,philrs5,0.56259,5
314,Clinical Persona,Ljubomir Buturovic,0.56291,3
315,GaryLong,GaryLong,0.56332,3
316,rAyyy,rAyyy,0.56378,21
317,chel17,chel17,0.56382,1
318,Ivanhoe,Ivanhoe,0.56387,17
319,Komaki,Komaki,0.56392,25
320,PiotrLewanda,PiotrLewanda,0.5644,2
321,ethanhwang,ethanhwang,0.56444,4
322,happycube,happycube,0.56448,4
323,Amaze me.,personanondataneongen,0.56481,3
324,CuteChibiko,CuteChibiko,0.56483,1
325,wjqdr,wjqdr,0.56491,3
326,wyqTeam,wyqGraduate,0.56491,4
327,n01z3,n01z3,0.56491,12
328,fanlu,fanlu,0.56491,1
329,dsodor,dsodor,0.56491,1
330,Sushant Magoo,Sushant Magoo,0.56491,1
331,wgx998877,wgx998877,0.56546,4
332,Transfunctioner,Transfunctioner,0.56554,4
333,Vitaly Bondar,Vitaly Bondar,0.56583,1
334,competitor,competitor,0.56625,12
335,Phillip Gurbacki,Phillip Gurbacki,0.56629,7
336,Finlay Liu,Finlay Liu,0.56732,1
337,I pass,Jules,0.56792,29
338,ea,erkut,0.56799,4
339,BAH_NA**2,Charles LilescsgwonBenjaminelvientowjf,0.56805,17
340,Jughead,Jughead,0.5681,3
341,Li-Der,Li-Der,0.56828,28
342,Yan Xu,Yan Xu,0.56884,1
343,markov,markov,0.5689,42
344,TeraFlops,Une frite une fois,0.56965,7
345,darth-vader,darth-vader,0.56965,1
346,CodeSt,CodeSt,0.56974,3
347,MT,MT,0.56995,1
348,kirk,kirk,0.57028,1
349,Liang Pang,Liang Pang,0.57043,3
350,dddanmar,dddanmar,0.57043,1
351,teemo,teemo,0.57043,1
352,Colin,Colin,0.57043,8
353,dive_to_deep,DaeYoungParkHwiyoungKimKeeyoung Kim,0.57043,5
354,??,zuchunshan,0.57043,1
355,SH426,Jacqueline,0.57043,1
356,TB Wu,TB Wu,0.57047,1
357,MESC Labs,Waleed A. Yousefahmed anis,0.57072,3
358,jingzhe,jingzhe,0.57072,1
359,Changhan Wang,Changhan Wang,0.57072,8
360,BunnyZora,BunnyZoraqianlongzhao,0.57072,1
361,terrypang,terrypang,0.57091,1
362,Ashish Shah,Ashish Shah,0.57091,4
363,lozcom,lozcom,0.57108,3
364,Rodrigo Kawatani,Rodrigo Kawatani,0.5724,2
365,snapperwhiffer,snapperwiffer,0.57241,2
366,Mamy Ratsimbazafy,Mamy Ratsimbazafy,0.57251,6
367,ZJU,?? ?,0.57306,7
368,FUUT,ChristineSwisherjrubin,0.57408,8
369,MLRush,MLRush,0.57408,1
370,blaster,IsakR,0.57412,1
371,AndrewMarsden,AndrewMarsden,0.57444,12
372,namakemono,namakemono,0.57476,3
373,Daniel Kim,danielrk,0.57618,9
374,Rokoson,Rokoson,0.57719,1
375,Chen Ken,Chen KenMuhanLiu,0.57762,13
376,Bryan Arnold,Bryan Arnold,0.57783,7
377,yyyy,yyyy,0.57908,7
378,RaihanMasud,RaihanMasud,0.57916,6
379,Deargen,Deargen,0.5801,17
380,Lebencare,Lebencaregurunathlong long,0.58088,2
381,Maarten,Maarten,0.58095,13
382,shuxin,shuxin,0.58159,3
383,CXQ,CXQ,0.5817,7
384,zgkydxbjwy,zgkydxbjwy,0.58249,15
385,Daniel FG,Daniel FG,0.5825,3
386,Ángel de Jaén,Ángel de Jaén,0.58266,5
387,j_scheibel,j_scheibel,0.58308,9
388,tkm2261,tkm2261,0.58425,10
389,Ahmed,Ahmed ,0.58425,1
390,buptxiaofeng,buptxiaofeng,0.58443,3
391,Kris Kegel Sørensen,Kris Kegel Sørensen,0.58446,13
392,RevatiJoshi,RevatiJoshi,0.58528,2
393,kazaimazai,kazaimazai,0.58637,1
394,RuiLog,RuiLog,0.58637,1
395,Omeprazole,Omeprazole,0.58644,1
396,drewdollas,drewdollas,0.58644,6
397,Cindy Xie,Cindy Xie,0.58704,1
398,Jonathan Shao,scip,0.58704,3
399,anonymous 12345,Parkinson Zabelin,0.58704,1
400,Sergey Shashkov,Sergey Shashkov,0.58766,4
401,Diogo,Diogo,0.58809,2
402,Gidi Shperber,Gidi Shperber,0.58832,4
403,DennisSakva,DennisSakva,0.58869,5
404,Zachary Destefano,Zachary Destefano,0.58886,42
405,c,******,0.58995,18
406,Ankasor,Ankasor,0.59026,10
407,Arsenal,Arsenal,0.59078,2
408,JungleXplorers,junglexplorerAbriosiSicko Cell,0.5908,15
409,YaZi,Junhong XuShangyueZhuHanqingGuo,0.59127,13
410,Botpi,Roma_141senen botello,0.59149,17
411,zczj,cunzhangDominikJack,0.59159,10
412,fergusoci,fergusoci,0.59179,11
413,Rzeznik,Rzeznik,0.5922,20
414,raddar,raddar,0.59255,1
415,rmldj,rmldj,0.59294,19
416,monkeytater,monkeytater,0.59351,10
417,Joshua Havelka,Joshua Havelka,0.59433,1
418,Serge Blok,Serge Blok,0.5945,1
419,hx2017,hx2017,0.59466,2
420,Charles Jekel,Charles Jekel,0.59479,10
421,Weimin Wang,Weimin Wang,0.59481,4
422,baa1,bXaYa,0.59513,21
423,real Kevin,Kevin,0.59553,3
424,HDSM,H. DangSiaMT,0.59563,32
425,cthines,Christopher Hines,0.59579,6
426,GarethJones,GarethJones,0.59588,15
427,ZhejunZheng,ZhejunZheng,0.59602,2
428,JZ,JZ,0.59615,21
429,Denis Zubo,Denis Zubo,0.59695,7
430,zhanyi658657,zhanyi658657,0.59697,5
431,natbel ML fun,natbel ML fun,0.59709,11
432,deep-6ix,jsardinhaash6320,0.59715,3
433,CharlesLu,CharlesLu,0.59732,16
434,Anton Petrov,Anton Petrov,0.59742,7
435,Rasim Akhunzyanov,Rasim Akhunzyanov,0.59769,4
436,carnieri,carnieri,0.59784,16
437,data_js,data_js,0.59784,16
438,BigMakk,Maksim Korolev,0.59797,6
439,Pestoid,ReliaSolvebill.kirchhoff,0.59822,5
440,SaurabhAgrawal,SaurabhAgrawal,0.59824,9
441,naive shuai,shuai,0.59839,1
442,AstuteGroup,BillJohnsonTylerCosner,0.59867,29
443,Trueyellow,Trueyellow,0.59903,7
444,Yuanpeng Wu,Yuanpeng Wu,0.59909,3
445,Oroto,Derek BroadheadCordeliaNeisingerDaniel Lavery,0.59942,20
446,Thomas SELECK,Thomas SELECK,0.59951,8
447,Sergey Korolev,Sergey Korolev,0.59962,3
448,Meng Zhang,Meng Zhang,0.59975,1
449,danieleewww,danieleewww,0.59983,27
450,qiaohuang,Joecomhuang,0.59984,8
451,Hengjian Jia,Hengjian Jia,0.60003,2
452,phung huynh xuan,phung huynh xuan,0.60016,5
453,ZZ01,ZZ01,0.60021,8
454,mamopublic,mamopublic,0.60024,10
455,lzwhite,lzwhite,0.60024,3
456,Anade Toussaint,Anade Toussaint,0.60024,3
457,Victor,Victor,0.60024,2
458,??????6??BGI?,Fengye LinChuang Yu,0.60024,4
459,TallBrian,TallBrian,0.60024,10
460,alex 3,alex,0.60024,2
461,Chandra,Chandra,0.60025,20
462,M Young,M Young,0.60025,14
463,felipelemos,felipelemos,0.60025,4
464,Fan Fei Chong,Fan Fei Chong,0.60031,1
465,Panos,Panos,0.60039,3
466,thatcher,thatcher,0.60039,4
467,iMinePatterns,iMinePatterns,0.60039,9
468,Andrey Kiryasov,Andrey Kiryasov,0.60039,3
469,Bart,Bart,0.60042,3
470,Marcin Pionnier,Marcin Pionnier,0.60043,4
471,raghakot,raghakot,0.60047,9
472,delylu,delylu,0.60055,6
473,DanBerman,DanBerman,0.60055,4
474,Jekyll,Jekyll,0.60057,1
475,PandaBambu,PandaBambu,0.60059,3
476,MiguelSuazoIbarra,MiguelSuazoIbarra,0.60059,7
477,Unbiased,Unbiased,0.60059,6
478,Karl Nyberg,Karl Nyberg,0.60059,12
479,Serhiy Danchenko,Serhiy Danchenko,0.60059,18
480,bad_news,AdamGatnar,0.60059,3
481,Rodney Thomas,Rodney Thomas,0.60061,11
482,NoahZhou,NoahZhou,0.60064,4
483,Jeffrey.Diwakar,Jeffrey.Diwakar,0.60065,7
484,n_lcd,Chirag MaheshwariPeilun Zhang,0.60071,7
485,Vladimir Iglovikov,Vladimir Iglovikov,0.60104,3
486,SPARC_LABS,Chris FalterHeath MillsMerricHuffstutlerjessie hermosilloAndrew Trice,0.60104,3
487,qinghe jin,qinghe jin,0.60119,4
488,freesoil,freesoil,0.60127,30
489,kymhorsell,kymhorsell,0.6014,6
490,inversion,inversion,0.60161,4
491,DavidS,DavidS,0.60163,6
492,MartinRajchl,mraj,0.60166,9
493,Matias Thayer,Matias Thayer,0.60179,5
494,KazMuzik,KazMuzik,0.60181,4
495,Emil,Emil,0.60187,2
496,Pallavi,Pallavi,0.60192,3
497,Rodrigo Salas,Rodrigo Salas,0.60192,1
498,Henryk,Henryk,0.60193,6
499,LukaszN,LukaszN,0.60196,2
500,JSRod,JSRod,0.60206,1
501,??(? ? ?)?,??(? ? ?)?,0.6022,1
502,Patrik Drhlik,Patrik Drhlik,0.60221,4
503,Tinh Tran,Tinh Tran,0.60222,2
504,Brochenin,Brochenin,0.60222,3
505,BT Arr & Aye,Andrew Ferguson,0.60222,3
506,Paul Jurczak,Paul Jurczak,0.60222,1
507,AliJ,AliJ,0.60222,2
508,e496,e496,0.60224,5
509,Sun'sOutFun'sOut,Sun'sOutFun'sOut,0.60235,2
510,damdam1,damdam1,0.60235,2
511,Gustavo Pérez Sarabia,Gustavo Pérez,0.60235,6
512,Alex Chao,Alex Chao,0.60235,1
513,MikeIan,MikeJaronIanCJohnson,0.60235,1
514,SagData,RichenWeiMamy Rajao,0.60235,1
515,Casey Van Buren,Casey Van Buren,0.60235,1
516,Adrian Hegner,Adrian Hegner,0.60235,1
517,omarsamir,omarsamir,0.60235,1
518,VictorShen,VictorShen,0.60235,3
519,AMZ,AMZ,0.60235,3
520,peixiang,peixiang,0.60235,2
521,ZheWang,ZheWang,0.60235,11
522,xn0px90,xn0px90,0.60235,4
523,Analytics-In-Genes,Jayaraman,0.60235,1
524,Dipanjan,Dipanjan,0.60235,1
525,pierre dodin,pierre dodin,0.60235,1
526,ssemenyuk,ssemenyuk,0.60235,1
527,?? ?,Sonic,0.60235,1
528,danidarshit,danidarshit,0.60235,1
529,sb,sb,0.60235,1
530,Gabriel Altay,Gabriel Altay,0.60235,2
531,Evan Thompson,Evan Thompson,0.60235,1
532,romandovega,romandovega,0.60235,1
533,Ricky,Ricky,0.60235,1
534,Mathis Antony,Mathis Antony,0.60235,2
535,michfeld,michfeld,0.60235,4
536,Baschdl,Baschdl,0.60235,7
537,Jake Grimes,Jake Grimes,0.60235,2
538,KevinXiao,KevinXiao,0.60235,1
539,Stephen Camera-Murray,Stephen Camera-Murray,0.60235,1
540,Felix,Felix,0.60235,1
541,zwu52,zwu52,0.60235,1
542,Guilherme Campos,Guilherme Campos,0.60235,1
543,g_tensor,g_tensor,0.60235,2
544,xyzeng,xyzeng,0.60235,3
545,Boris Klyus,Boris Klyus,0.60235,16
546,JuliaDills,JuliaDills,0.60235,3
547,Prince of Persia,Prince of Persia,0.60235,2
548,DanielSiegle,DanielSiegle,0.60235,1
549,Alex Cui,Alex Cui,0.60235,3
550,Nina Mrzelj,Nina Malina,0.60235,1
551,Wichai,Wichai,0.60235,1
552,Paul Fornia,Paul Fornia,0.60235,2
553,Yiyang Zhan,Yiyang Zhan,0.60235,1
554,DanaradjeRamachandirane,DanaradjeRamachandirane,0.60235,1
555,Ron Oliver,Ron Oliver,0.60235,2
556,no name yet,Terrill,0.60235,1
557,Vinh Nguyen,Vinh Nguyen,0.60235,1
558,AngMingliang,AngMingliang,0.60235,1
559,BAH_KOKO,KOKO,0.60235,1
560,ChipMonkey,ChipMonkey,0.60235,1
561,Will Nicholson,Will Nicholson,0.60235,1
562,BAH_natomy,Josh Bakercfried123hatfieldm48+8,0.60235,2
563,Peter Abdou,Peter Abdou,0.60235,1
564,David Shinn,David Shinn,0.60235,1
565,Kelvin,Kelvin,0.60235,12
566,Pelham,Pelham,0.60235,1
567,SuparMUCAC,BKrausptrblckCGil,0.60235,24
568,evya,evya,0.60236,1
569,Mohammed El Batya,Mohammed El Batya,0.60236,2
570,Lea Bellai,Lea Bellai,0.60236,5
571,SebastianBoyd,Chris Boyd,0.60236,1
572,miguel perez,miguel perez,0.60236,1
573,Andrew Beam,Andrew Beam,0.60237,2
574,UnicornMarkets,UnicornMarkets,0.60237,1
575,Niall Moran,Niall Moran,0.60245,3
576,K.G.J.,K.G.J.,0.6025,4
577,J__C,J__CShelby McIntyre,0.60251,4
578,jonas,jonas,0.60268,3
579,Joseph Chui,Joseph Chui,0.60275,2
580,HelloWorld,HelloWorld,0.60319,2
581,Crequena,Crequena,0.60335,9
582,Igor Buinyi,Igor Buinyi,0.60375,1
583,Olexandr Isayev,Olexandr Isayev,0.60395,2
584,IdleDevil,IdleDevil,0.60395,2
585,Darin Baumgartel,Darin Baumgartel,0.60395,3
586,LLR,RichardRennerRettJackson,0.60395,3
587,Anders Movert,Anders Movert,0.60395,29
588,DarciMartin,DarciMartin,0.60395,1
589,JasonYou0907,JasonYou0907,0.60395,8
590,k_warner,k_warner,0.60395,3
591,s1syphus,s1syphus,0.60413,1
592,Kihara,cbelthdkihara,0.60425,2
593,The Ebili,The Ebili,0.60435,3
594,Soroush,Soroush,0.60435,1
595,UgoM,UgoM,0.60457,3
596,esperto,esperto,0.60466,2
597,Sigmoid,Ozzario,0.6047,2
598,Ramiro Debbe,Ramiro Debbe,0.60494,5
599,pierrekhouryb,pierrekhouryb,0.60528,3
600,firefiend,firefiend,0.6054,2
601,Pietro Marini,Pietro Marini,0.60542,1
602,Nikhil Cheerla,Nikhil Cheerla,0.6055,3
603,All Random,All Random,0.6057,5
604,Andrew,Andrew,0.60718,1
605,bbbarbel,bbbarbel,0.60796,2
606,Mateusz Jerzyk,Mateusz Jerzyk,0.60886,7
607,Mark Chan,Mark Chan,0.6091,3
608,j,Jeong-Yoon Lee,0.60914,1
609,Zongyi Liu,Zongyi,0.61192,3
610,John M,John M,0.61288,3
611,MAK,MAK,0.61598,6
612,gtgtgt,gtgtgt,0.61623,4
613,Simon Andermatt,Simon Andermatt,0.62152,5
614,dbelgs,dbelgs,0.62223,3
615,Barbiturates,AntonSergey Verentsov,0.62233,2
616,palashsingh,palashsingh,0.62313,21
617,HowardYa,HowardYa,0.62517,2
618,Cong Ba,Cong Ba,0.62614,21
619,Dominic Breuker,Dominic Breuker,0.62755,3
620,Sashikanth Dareddy,Sashikanth Dareddy,0.62757,3
621,WSDFAEG,WSDFAEG,0.63053,5
622,Pawel Jasiurkowski,Pawel Jasiurkowski,0.6343,1
623,Code Monkeys,mels630sm1011Charlie,0.63446,4
624,mkgrei,mkgrei,0.63599,4
625,miitf,miitf,0.63812,3
626,cshwin,cshwin,0.64064,12
627,LongGang Pang,LongGang Pang,0.64138,9
628,wyae777,wyae777NanIsBad,0.64331,1
629,Misconception,GuyEHadarEvikOhad SilbertTiferet,0.64441,1
630,Doron,Doron,0.65106,3
631,RASDMLA,RASDMLA,0.65416,5
632,Jordie Fulton,Jordie Fulton,0.65561,3
633,Qing Ye,Qing Ye,0.65726,1
634,Breathe,the1owl,0.65941,5
635,borisCooper,borisCooper,0.6607,5
636,Eric Schmidt,Eric Schmidt,0.66376,4
637,Yuling An,Yuling An,0.6644,5
638,RoboTeam,TomasCernikŠt?pán KarásekTomas Ondracek,0.66593,1
639,Danio,Danio,0.67007,3
640,ssen3423,ssen3423,0.67185,9
641,datacathy,datacathy,0.6722,14
642,guillaumebrg,guillaumebrg,0.67595,8
643,Nvpiao,Nvpiao,0.67627,2
644,OlivierC,OlivierC,0.67744,47
645,jshao,jshao,0.67856,3
646,coco7427,coco7427,0.67856,17
647,pipipopo,pipipopo,0.67856,15
648,Oleggrinch,Oleggrinch,0.67856,12
649,Guido Zuidhof,Guido Zuidhof,0.67856,14
650,LeoVigna,LeoVigna,0.67856,10
651,AtilaOrhon,AtilaOrhon,0.67856,15
652,shallowness,B?a?ejKrzysztof Dziedzic,0.67856,15
653,Philip Popien,DeepVoltaire,0.67856,14
654,pszoldan,pszoldan,0.67856,14
655,kurosuto,kurosuto,0.67856,3
656,Jerry Thomas,Jerry Thomas,0.67856,14
657,dymitrruta,dymitrruta,0.67856,24
658,steve,steve,0.67856,3
659,Dan Busbridge,Dan Busbridge,0.67856,21
660,Daniel Gerigk,Daniel Gerigk,0.67856,15
661,MehmetErcan,MehmetErcan,0.67856,14
662,phuphunuda,phuphunuda,0.67856,3
663,sneh,sneh,0.67856,3
664,DmitryGodin,DmitryGodin,0.67856,3
665,kaggler101,kaggler101,0.67856,12
666,MIPAL,MIPAL,0.67856,3
667,xing ji,xing ji,0.67901,8
668,Mark,Mark,0.68234,24
669,Torres,Torres,0.68261,3
670,zhanxw,zhanxw,0.68261,3
671,Acadia Edge Group,Chitrorbiswas4Deepak TakhtaniGaddipati Asish kumar,0.68261,2
672,jwjohnson314,jwjohnson314,0.68261,3
673,ppwwyyxx,ppwwyyxx,0.68261,6
674,Richard,Richard,0.68261,6
675,Vinod prime,Vinod prime,0.68261,3
676,sexyokazu,sexyokazu,0.68261,7
677,deepsemantic,deepsemantic,0.68261,2
678,JacksEsmer,JacksEsmer,0.68261,3
679,Happy Feet,Minh-Tri Pham,0.68261,16
680,SunSun,SunSun,0.68261,8
681,See--,See--,0.68261,3
682,ank1987,ank1987,0.68261,8
683,jethiphist,jethiphist,0.68261,3
684,SatyaPati,SatyaPati,0.68261,2
685,HautRaieLit,HautRaieLit,0.68261,5
686,Dmitry Podviaznikov,Dmitry Podviaznikov,0.68261,3
687,jrao,jrao,0.68261,3
688,Dustin Boswell,Dustin Boswell,0.6828,1
689,?????????????,?????????????,0.68336,1
690,Georgy Frolov,Georgy Frolov,0.68361,4
691,Kawaskii,Kawaskii,0.6845,5
692,m201509,m201509,0.68615,4
693,Ada Lau,Ada Lau,0.68615,7
694,UbiLab,K4L4GZAntoniaKorba???????? ?????????,0.68615,4
695,A.R.S BAR,rchouanirudhalankrita,0.68643,6
696,Suresh,Suresh,0.68769,5
697,infra,infra,0.68809,2
698,Rho Ackerman,Rho Ackerman,0.68895,2
699,Nashalo,Nashalo,0.68965,2
700,Daniel Mueller,Daniel Mueller,0.68965,3
701,Akihiro Ueda,Akihiro Ueda,0.68965,2
702,joradus,joradus,0.68965,2
703,PaulMyeongchanKim,PaulMyeongchanKim,0.68965,2
704,ELOCAN,ELOCAN,0.68965,7
705,A bull in a China shop,Oliver,0.68965,27
706,LHincen,LHin,0.68965,3
707,datawrangler 2,datawrangler,0.68965,3
708,JianPeiCAD,Kongsea,0.68985,11
709,Alexander Bender,Alexander Bender,0.69022,2
710,virtuoso,virtuoso,0.69023,5
711,?????? ??????????,?????? ??????????,0.69053,3
712,MAD989,MAD989,0.69065,2
713,rookie_science,honey_spirit(not_so_holy),0.69077,3
714,Sentdex,Sentdex,0.69208,5
715,RichRadics,RichRadics,0.69233,1
716,Paul Puget,Paul Puget,0.69305,2
717,hehehe,hehehe,0.69311,2
718,Alexc,Alexc,0.69311,5
719,daisuki,daisuki,0.69311,6
720,droledokoc,droledokoc,0.69311,1
721,ankankjai2,ankankjai2,0.69311,8
722,AnnaDubovik,AnnaDubovik,0.69311,2
723,WooSangCho,WooSangCho,0.69311,3
,All 0.5 Benchmark,,0.69315,
724,blot,blot,0.69315,1
725,pushkarD,pushkarD,0.69315,1
726,Paul Lorenz,Paul Lorenz,0.69315,1
727,ajbhjbnkj,AJAI,0.69315,1
728,BorisPolcik,BorisPolcik,0.69315,1
729,XwOoOo,XwOoOo,0.69315,1
730,KQ,KQ,0.69315,2
731,Gerome Pistre,Gerome Pistre,0.69315,1
732,Sinatail,Sinatail,0.69315,2
733,Iván Vallés,Iván Vallés,0.69315,1
734,NRC,NRC,0.69315,1
735,Mateusz Piecuch,Mateusz Piecuch,0.69315,1
736,Gonzalo Franco,Gonzalo Franco,0.69315,1
737,Krzysztof Joachimiak,Krzysztof Joachimiak,0.69315,1
738,T. Scharf,T. Scharf,0.69315,1
739,KMen,KMen,0.69315,1
740,befandy,befandy,0.69315,2
741,Ricardus,Ricardus,0.69315,1
742,Ay?e Elvan Gündüz,Ay?e Elvan Gündüz,0.69315,1
743,LEONOB2014,Leonardo Becerra,0.69315,3
744,inyigol,Iñigo López,0.69315,1
745,Double Thinking,Ivan MartinArcadi,0.69315,1
746,Mohan Kandaraj,Mohan Kandaraj,0.69315,1
747,Humpty Dumpty,Humpty Dumpty,0.69315,1
748,asme,asme,0.69315,2
749,diaman,diaman,0.69315,1
750,Eugene Sidorov,Eugene Sidorov,0.69315,1
751,Shahrouz Raeisi,Shahrouz Raeisi,0.69315,2
752,AlejandroBL,HADES17,0.69315,1
753,Pierre Nowak,Pierre Nowak,0.69315,1
754,Thomas Paula,Thomas Paula,0.69315,1
755,Tarantula,Tarantula,0.69315,1
756,???? ?????????,???? ?????????,0.69315,1
757,neoalex,neoalex,0.69315,1
758,Anderson Miranda,Anderson Miranda,0.69315,1
759,Stanislav Chistyakov,Stanislav Chistyakov,0.69315,1
760,rr2048,rr2048,0.69315,1
761,DavidGbodiOdaibo,DavidGbodiOdaibo,0.69315,1
762,francoisl,francoisl,0.69315,1
763,kulik_oleh,kulik_oleh,0.69315,1
764,vishashdad,vishashdad,0.69315,1
765,Open Air,mynameisAlexey Golyshev,0.69315,1
766,Andrey Shapulin,Andrey Shapulin,0.69315,1
767,Marek Cygan,Marek Cygan,0.69315,1
768,zhmz90,zhmz90,0.69315,1
769,Kohei,Kohei,0.69315,1
770,MarcinPilipczuk,MarcinPilipczuk,0.69315,1
771,Marcin Mucha,Marcin Mucha,0.69315,1
772,linsam,linsam,0.69315,1
773,Dmitry Larko,Dmitry Larko,0.69315,1
774,Ali el Hassouni,Ali el Hassouni,0.69315,1
775,binga,binga,0.69315,1
776,eliott.brion,eliott.brion,0.69315,3
777,McSnappy,McSnappy,0.69315,1
778,bhendricks314,bhendricks314,0.69315,1
779,RSilveira,RSilveira,0.69315,1
780,mfcabrera,mfcabrera,0.69315,1
781,TiagoMarques,TiagoMarques,0.69315,1
782,Simon Mezgec,Simon Mezgec,0.69315,1
783,Zach,Zach,0.69315,1
784,Krishna Chaitanya S,Krishna Chaitanya S,0.69315,1
785,Markus,Markus,0.69315,1
786,Kiran Ganji,Kiran Ganji,0.69315,2
787,Saurabh Mathur,Saurabh Mathur,0.69315,1
788,krzysztof,krzysztof,0.69315,5
789,sswt,sswt,0.69315,1
790,Polarbearthu,Polarbearthu,0.69315,1
791,Archy,Archy,0.69315,1
792,gruby,gruby,0.69315,1
793,Tim Hochberg,Tim Hochberg,0.69315,1
794,NirYungster,NirYungster,0.69315,1
795,tantrev,tantrev,0.69315,1
796,Drew Brown,Drew Brown,0.69315,1
797,KGFeMan,KGFeMan,0.69315,1
798,Anjith George,Anjith George,0.69315,1
799,Przemek Zienta?a,Przemek Zienta?a,0.69315,1
800,Jo-fai Chow,Jo-fai Chow,0.69315,1
801,Yardena_Hirsch,Yardena_Hirsch,0.69315,1
802,xarion,xarion,0.69315,1
803,Kevin Mader,Kevin Mader,0.69315,1
804,Yue WU,Yue WU,0.69315,1
805,Ayman Boustati,Ayman Boustati,0.69315,1
806,Deep n Darco,Deep n Darco,0.69315,1
807,R,Rubin Wei,0.69315,1
808,Tony S,Tony S,0.69315,1
809,Marcus Marrow,Marcus Marrow,0.69315,1
810,bigdawg,bigdawg,0.69315,1
811,Dave Novelli,Dave Novelli,0.69315,1
812,DavidLichtenberg,DavidLichtenberg,0.69315,1
813,Soumojit Kumar,Soumojit Kumar,0.69315,1
814,Brian Law,Brian Law,0.69315,1
815,Min ZH,Min ZH,0.69315,1
816,purple,purple,0.69315,1
817,Koby Karp,Koby Karp,0.69315,1
818,glx11,glx11,0.69315,1
819,FreshAI,KevinRushJiajieYu,0.69315,1
820,Alexander Ponomarchuk,Alexander Ponomarchuk,0.69315,1
821,Bijoy Johnson,Bijoy Johnson,0.69315,2
822,AnirudhSharma,AnirudhSharma,0.69315,1
823,SarthakYadav,SarthakYadav,0.69315,1
824,Dinesh,Dinesh,0.69315,1
825,amsantac,amsantac,0.69315,1
826,Roshan Shetty,Roshan Shetty,0.69315,1
827,SkyLibrary,SkyLibrary,0.69315,1
828,Bootes,Bootes,0.69315,1
829,frankman,frankman,0.69315,1
830,Birchwood,Birchwood,0.69315,1
831,MikeMcDermott,MikeMcDermott,0.69315,1
832,Fausto Milletari,Fausto Milletari,0.69315,1
833,Syberia,Killseeking KrakenFrictionless Jellyfish,0.69315,1
834,Vishal,Vishal,0.69315,1
835,Rashedul Haydar,Rashedul Haydar,0.69315,1
836,Peter Pinto,Peter Pinto,0.69315,1
837,DuraQ,DuraQ,0.69315,1
838,GooDooDoo,GooDooDoo,0.69315,1
839,fastai,Jeremy Howard,0.69315,1
840,soobrosa,soobrosa,0.69315,1
841,Özgün Genç,Özgün Genç,0.69315,1
842,Paul M. Heider,Paul M. Heider,0.69315,1
843,oxymor0n,oxymor0n,0.69315,1
844,Shahram Mohrehkesh,Shahram Mohrehkesh,0.69315,1
845,bakkal,bakkal,0.69315,1
846,Brandon M. Burroughs,Brandon M. Burroughs,0.69315,1
847,Ursan,Ursan,0.69315,1
848,vwz,vwz,0.69315,1
849,zichenzhang,zichenzhang,0.69315,1
850,Walk-like-a-FiringBowl,Mu Tian,0.69315,1
851,Abecedarian,Abecedarian,0.69315,1
852,david,david,0.69315,1
853,Krzysiek Dzienisiuk,Krzysiek Dzienisiuk,0.69315,1
854,quadcore,quadcore,0.69315,1
855,BrandonW,BrandonW,0.69315,1
856,AhmedMohamedou,AhmedMohamedou,0.69315,1
857,wlouie,wlouie,0.69315,1
858,Dmitry Dryomov,Dmitry Dryomov,0.69315,1
859,SlavaKozlov,SlavaKozlov,0.69315,1
860,Ilya Katz,Ilya Katz,0.69315,1
861,DataHoliks,Raj,0.69315,1
862,Peter Boord,Peter Boord,0.69315,1
863,MAS,MAS,0.69315,1
864,vinitmuchhala,vinitmuchhala,0.69315,1
865,Chandrak1907,Chandrak1907,0.69315,1
866,JayakumarMuthukumarasamy,JayakumarMuthukumarasamy,0.69315,1
867,David Paredes,David Paredes,0.69315,1
868,Jhair Gallardo,Jhair Gallardo,0.69315,1
869,BJanota11,BJanota11,0.69315,2
870,Jason Miller,Jason Miller,0.69315,3
871,BenDuffy,BenDuffy,0.69315,1
872,LyonChen,lyonc,0.69315,1
873,A Just Machine,A Just Machine,0.69315,1
874,Brandon O,Brandon O,0.69315,3
875,Mukesh Srivastava,Mukesh Srivastava,0.69315,1
876,Henry Liu,Henry Liu,0.69315,1
877,Alexander Flyax,Alexander Flyax,0.69315,3
878,tecperson,tecperson,0.69315,1
879,maryou,maryou,0.69315,1
880,JasonMancuso,JasonMancuso,0.69315,1
881,Ondrej Bohdal,Ondrej Bohdal,0.69315,2
882,Vincent L.,Vincent L.,0.69315,1
883,Qingchen,Qingchen,0.69315,1
884,Shahnawaz Akhtar,Shahnawaz Akhtar,0.69315,1
885,Chuck Bolin,Chuck Bolin,0.69315,1
886,arnav,arnav,0.69315,1
887,Rich He,Rich He,0.69315,1
888,David 2,David,0.69315,1
889,Mr.K,Mr.K,0.69315,1
890,Anton Chikin,Anton Chikin,0.69315,1
891,JoãoRamos,JoãoRamos,0.69315,1
892,vikramreddy,vikramreddy,0.69315,1
893,submarine30,submarine30,0.69315,1
894,deep_diggers,Mauhammad Faizan,0.69315,1
895,rsent,rsent,0.69315,1
896,Telcontar120,Telcontar120,0.69315,1
897,Sara,Sara,0.69315,1
898,ajsaxena,ajsaxena,0.69315,1
899,Michal Daniluk,Michal Daniluk,0.69315,1
900,Doug Koch,Doug Koch,0.69315,1
901,Ron_Tam,Ron_Tam,0.69315,1
902,raysfr,raysfr,0.69315,1
903,Barry,Barry,0.69315,1
904,Sai Krishna Gaddam,Sai Krishna Gaddam,0.69315,1
905,sidb,sidb,0.69315,1
906,Hythlodaeus42,Hythlodaeus42,0.69315,1
907,Igor Krashenyi,Igor Krashenyi,0.69315,1
908,kcjt,kcjt,0.69315,1
909,Jeff Liu,Jeff Liu,0.69315,3
910,piotrszul,piotrszul,0.69315,1
911,Bill Zichos,Bill Zichos,0.69315,1
912,SergF,SergF,0.69315,1
913,Ben,baochens,0.69315,1
914,OP,OP,0.69315,1
915,Anirudh Suresh,Anirudh Suresh,0.69315,2
916,Mike,Mike,0.69315,1
917,Sparse Woodman,Sparse Woodman,0.69315,1
918,jjtoharia,jjtoharia,0.69315,1
919,mohan,mohan,0.69315,3
920,jvaughn007,jvaughn007,0.69315,1
921,Alban,Alban,0.69315,1
922,SACHINNOWAL,SACHINNOWAL,0.69315,1
923,Matt Riblett,Matt Riblett,0.69315,1
924,Djinny,Djinny,0.69315,1
925,djstrong,djstrong,0.69315,1
926,yyuan,yyuan,0.69315,1
927,vhan,vhan,0.69315,1
928,mapigmas,mapigmas,0.69315,1
929,SJ,Sukesh Jain,0.69315,7
930,???????,???????,0.69315,1
931,ATCGuy,ATCGuy,0.69315,1
932,Chris Choy,Chris Choy,0.69315,1
933,nkhuyu,nkhuyu,0.69315,1
934,phuongpham,phuongpham,0.69315,1
935,Natalie Hunt,Natalie Hunt,0.69315,1
936,J&J,junli,0.69315,1
937,TenaciousTerrier,TenaciousTerrier,0.69315,1
938,bangbangbear,bangbangbear,0.69315,1
939,GaoYL,GaoYL,0.69315,1
940,Leon,Leon,0.69315,1
941,Chee Hau,Chee Hau,0.69315,1
942,Sue,Sue,0.69315,1
943,ash hafez,ash hafez,0.69315,1
944,yilisg,yilisg,0.69315,1
945,Mouatez,Mouatez,0.69315,1
946,Gangadhar Payyavula,Gangadhar Payyavula,0.69315,1
947,Sergei Bugrov,Sergei Bugrov,0.69315,1
948,Sijia,Sijia,0.69315,1
949,leexa,leexa,0.69315,1
950,ChandanPanda,ChandanPanda,0.69315,1
951,Paul H,Paul H,0.69315,1
952,all_random,all_random,0.69315,1
953,trimnac,trimnac,0.69315,1
954,yobobski,yobobski,0.69315,1
955,srrobert,srrobertRobert Weirkevinli0918,0.69315,1
956,Anton Popov,Anton Popov,0.69315,1
957,Mai Xuan Trang,Mai Xuan Trang,0.69315,3
958,amunategui,amunategui,0.69315,1
959,Luke,Luke,0.69315,1
960,slideroolz,slideroolz,0.69315,3
961,Aris,Aris,0.69315,1
962,Ivan Iordanov,Ivan Iordanov,0.69315,1
963,noooooo,noooooo,0.69315,1
964,Niklas Köhler,Niklas Köhler,0.69315,1
965,Julian Jungwirth,Julian Jungwirth,0.69315,1
966,hhkk,hhkk,0.69315,1
967,wunderwuzzi1975,wunderwuzzi1975,0.69315,1
968,isnani,isnani,0.69315,1
969,Surfer,Eagles2F,0.69315,1
970,DataExplorers,cgratieValeriu,0.69315,1
971,PPAP,PPAP,0.69315,1
972,Karlo Deak,ostochast,0.69315,1
973,?? ?,?? ?,0.69315,1
974,DamienDasnoy,DamienDasnoy,0.69315,1
975,SarahLee,SarahLee,0.69315,1
976,Jakub Langr,Jakub Langr,0.69315,1
977,CasvandenBogaard,CasvandenBogaard,0.69315,1
978,cmiller01,cmiller01,0.69315,1
979,syllogismos,syllogismos,0.69315,1
980,Jacques Peeters,Jacques Peeters,0.69315,1
981,Nguyen Khanh,Nguyen Khanh,0.69315,1
982,Vautrin,Vautrin,0.69315,1
983,Roman Fayvisovich,Roman Fayvisovich,0.69315,1
984,Rostam,Rostam,0.69315,1
985,Dennis,Dennis,0.69315,1
986,RiccardoValentini,RivalMUC,0.69315,1
987,FabianBrueck,FabianBrueck,0.69315,1
988,Abraham Lama Salomon,Abraham Lama Salomon,0.69315,2
989,HardCount,HardCount,0.69315,1
990,Gaffer,Gaffer,0.69315,1
991,BLester125,BLester125,0.69315,1
992,"Christian, Ben, Josh",ChristianSimsBenThayerjadkins,0.69315,1
993,ziron,ziron,0.69315,1
994,Nicky Mahon,Nicky Mahon,0.69315,1
995,plgagnon,plgagnon,0.69315,1
996,Vikram Jha,Vikram Jha,0.69315,1
997,selim,selim,0.69315,1
998,ZachMalchano,ZachMalchano,0.69315,1
999,nrejue,nrejue,0.69315,1
1000,juandoso,juandoso,0.69315,1
1001,M6stafa,M6stafa,0.69315,1
1002,something4kag,something4kag,0.69315,1
1003,zapp,Matthias Frank,0.69315,1
1004,Hussam Hamdan,can,0.69315,1
1005,Life Elixir,AmirVahidktbernoulliMaryTroiani+3,0.69315,1
1006,felton 2,felton,0.69315,1
1007,STO_OTZ,STO_OTZ,0.69315,1
1008,SJHero,EndlessWaltzHahahaShengganQiMingZheng,0.69315,2
1009,ETRI,ETRI,0.69315,1
1010,Vegan Power,Vegan Power,0.69315,1
1011,PET-Scanner,Kahuna,0.69315,1
1012,Seungwook Kim,Seungwook Kim,0.69315,1
1013,RajatJain,RajatJain,0.69315,2
1014,Wall-E,E.,0.69315,1
1015,?,flintaxeJaneomanor,0.69315,1
1016,whatisdata,whatisdata,0.69315,1
1017,LizaSheina,LizaSheina,0.69315,1
1018,ChenMingqing,ChenMingqing,0.69315,1
1019,thedoctor,Guoming YangAkhil Acharya,0.69315,1
1020,Nthana,Nthana,0.69315,1
1021,chris r,chris r,0.69315,3
1022,hintontech.cn,laotao,0.69315,1
1023,Yoli,LalitLaxmi,0.69315,2
1024,Abhishek Nagarjuna,Abhishek Nagarjuna,0.69315,1
1025,Donut Thieves,Kaooliviaa,0.69315,1
1026,HaoxuanDou,HaoxuanDou,0.69315,1
1027,Codewarrior,Codewarrior,0.69315,1
1028,easonchen,Eason Chen,0.69315,1
1029,SurajSingh,SurajSingh,0.69315,3
1030,jwilbs,jwilbs,0.69315,1
1031,marugari,marugari,0.69315,1
1032,anmuTaka,anmuTaka,0.69315,1
1033,KhushhallChandraMahajan,KhushhallChandraMahajan,0.69315,1
1034,rollingstone,rollingstone,0.69315,1
1035,amyaramine,amyaramine,0.69315,1
1036,Diego Mikhaloff,Diego Mikhaloff,0.69315,1
1037,Ismini Lourentzou,Ismini Lourentzou,0.69315,1
1038,PzPz,PzPz,0.69315,1
1039,Liu_xiang,Liu_xiang,0.69315,1
1040,aepi,aepi,0.69315,1
1041,horsepurve,horsepurve,0.69315,1
1042,KoTok,KoTok,0.69315,1
1043,Data Punks,Hemant Kumar SinghFakhreAlam,0.69315,1
1044,Pingan_Vision,DJ_Li,0.69315,1
1045,Sébastien MATHIEU,Sébastien MATHIEU,0.69315,1
1046,MRI,FrankOngsidward,0.69315,1
1047,Jorge Luis Trigueros Cruz,Jorge Luis Trigueros Cruz,0.69315,1
1048,The Three Musketeers,LivingProgramRuntime-LearnerMowglie,0.69315,1
1049,Meng Yuxian,Meng Yuxian,0.69315,1
1050,mingyue,mingyue,0.69315,2
1051,DeepLuCaPred,ShawnYuen,0.69315,1
1052,Vladimir Machavariani (Ph.D),Vladimir Machavariani (Ph.D),0.69315,1
1053,nutee000,nutee000,0.69315,1
1054,Algotics,Afroz HussainSyed Meesum Ali Zaidi,0.69315,1
1055,Data Bystander,Data Bystander,0.69315,1
1056,sudoprime,sudoprime,0.69315,1
1057,Eija,Tatiana,0.69315,1
1058,TuTuFei,H Xu,0.69315,1
1059,chanSP,chanSP,0.69315,2
1060,Sergey Timakov,Sergey Timakov,0.69315,1
1061,SBoost,Hao Li,0.69315,2
1062,Adnan Haque,Adnan Haque,0.69315,1
1063,Francois Lemoine,Francois Lemoine,0.69315,1
1064,Antoine Passemiers,Antoine Passemiers,0.69315,1
1065,Nathan Rawling,Nathan Rawling,0.69315,1
1066,lucasf,itijiou,0.69315,1
1067,rico,rico,0.69315,1
1068,naingenieu,naingenieu,0.69315,1
1069,Kirill Malev,Kirill Malev,0.69315,1
1070,JustinR,JustinR,0.69315,1
1071,ca1ypso,ca1ypso,0.69315,1
1072,Roman Akhunov,Roman Akhunov,0.69315,1
1073,Prithvi,Prithvi,0.69315,1
1074,Andrey Larionov,Andrey Larionov,0.69315,2
1075,Dan Nuffer,Dan Nuffer,0.69315,1
1076,AlanLiew,AlanLiew,0.69315,1
1077,MotJuMi,MotJuMi,0.69315,1
1078,James Lawrence,James Lawrence,0.69315,1
1079,E-M-A-D,E-M-A-D,0.69315,1
1080,GiuseppePrisco,GiuseppePrisco,0.69315,5
1081,PaulG,PaulG,0.69315,1
1082,PD,PD,0.69315,1
1083,Chercheur,Chercheur,0.69315,1
1084,BronchMiners,Ankit ShahTachyon_ajithRohanBadlani,0.69315,1
1085,Pavan Kumar,Pavan Kumar,0.69315,2
1086,DNA,DNA,0.69315,1
1087,Dan J,Dan J,0.69315,1
1088,iwontbecreative,iwontbecreative,0.69315,1
1089,Kenji,Kenji,0.69315,1
1090,Pigeon900,Pigeon900,0.69315,1
1091,smaran,smaran,0.69315,2
1092,Andrew H. Nguyen,Andrew H. Nguyen,0.69315,1
1093,Heng CherKeng,Heng CherKeng,0.69315,1
1094,pseudopolymath,pseudopolymath,0.69315,1
1095,Imagineer,Imagineer,0.69315,1
1096,Stergios,Stergios,0.69315,1
1097,Alexis Gaevsky,Alexis Gaevsky,0.69315,1
1098,Jim Kitzmiller,Jim Kitzmiller,0.69315,1
1099,simejanko,simejanko,0.69315,1
1100,barrettxav,barrettxav,0.69315,1
1101,CesarML,CesarML,0.69315,1
1102,DataStar,DataStar,0.69315,3
1103,Marcelo Amancio,Marcelo Amancio,0.69315,3
1104,Ben Hamner,Ben Hamner,0.69315,5
1105,alberto julian,alberto julian,0.69315,2
1106,M T A S,M T A S,0.69315,1
1107,yaozhang,yaozhang,0.69315,1
1108,Rohit Rawat,Rohit Rawat,0.69315,1
1109,mikepb,mikepb,0.69315,1
1110,maverick,maverick,0.69315,7
1111,rekonder,rekonder,0.69315,1
1112,AHae,AHae,0.69315,1
1113,Ravi Shivam Autar,Ravi Shivam Autar,0.69315,1
1114,Anthony Goldbloom,Anthony Goldbloom,0.69315,1
1115,fivejjs,fivejjs,0.69315,1
1116,plain_parakeet,Roberto MourãoflaviostutzTiagoStutz,0.69315,1
1117,HenrikDahl,HenrikDahl,0.69315,6
1118,mingjerli,mingjerli,0.69315,1
1119,Rowan,Rowan,0.69315,3
1120,shs77,shs77,0.69315,1
1121,Hari Seldon,Hari Seldon,0.69315,1
1122,Gongning Luo,Gongning Luo,0.69315,1
1123,Maria Ale,okon3travellingsalesman,0.69315,1
1124,Hamideh,HHS446,0.69315,3
1125,u39kun,u39kun,0.69315,1
1126,ArnabDey,ArnabDey,0.69315,3
1127,srkudai,srkudai,0.69315,1
1128,DeepOrange,AKSarojDashM_1992Birupakhya Dash,0.69315,1
1129,yarenty,yarenty,0.69315,3
1130,Guo Yading,Guo Yading,0.69315,1
1131,bhatika,bhatika,0.69315,1
1132,Nathan Walter,Nathan Walter,0.69315,2
1133,Sampath Kumar,Sampath Kumar,0.69315,2
1134,jk_fr,jk_fr,0.69315,1
1135,TomF,TomF,0.69315,1
1136,bird0sup,bird0sup,0.69315,4
1137,PhilipSterne,PhilipSterne,0.69315,1
1138,Jonas Leininger,Jonas Leininger,0.69315,1
1139,Xiuyang Guan,Xiuyang Guan,0.69315,1
1140,Sweellan,Sweellan,0.69315,1
1141,Jun Song,Jun Song,0.69315,2
1142,HCL,HCL,0.69368,2
1143,TetianaKodliuk,TetianaKodliuk,0.6952,1
1144,Vikas Reddy,Vikas Reddy,0.69573,1
1145,Another Mediocre Attempt,RobertKramer,0.69608,3
1146,Mihawk,Mihawk,0.69739,2
1147,Denis,Denis,0.7021,1
1148,gtrimarc,gtrimarc,0.70243,1
1149,ORACULODELSUR,ORACULODELSUR,0.70518,1
1150,Junxiao,Junxiao,0.70919,3
1151,SciForce,Dmytro TkanovMax VedeugkarValerii AgieievEldarAllakhverdiiev,0.71731,1
1152,mutatos,mutatos,0.71789,5
1153,Weijian Ma,Weijian Ma,0.72027,6
1154,lugechobod,lugechobod,0.72027,3
1155,kirill_emilianov,kirill_emilianov,0.72027,3
1156,myunggi,myunggi,0.72027,4
1157,smartcv,smartcv,0.72573,3
1158,cludracano,cludracano,0.72573,3
1159,mozgoweak1,mozgoweak1,0.72573,3
1160,antoine.mercier,antoine.mercier,0.72573,3
1161,kyoungjin,kyoungjin,0.72573,3
1162,Fernando Palacios,Fernando Palacios,0.72888,2
1163,__SP,__SP,0.73015,3
1164,radnado,radnado,0.74098,3
1165,JohnYoung,JohnYoung,0.7497,1
1166,Denn,Denn,0.75527,1
1167,hunufracle,hunufracle,0.76457,3
1168,aurelian,aurelian,0.77284,5
1169,freebrady,freebrady,0.77566,1
1170,HannesKoenig,HannesKoenig,0.79957,3
1171,datascience-krk,LukaszCmielowskidatascience-krkUmit Mert Cakmak,0.81591,1
1172,Smorgaskag,FinnCatlingGerard CardosoJoshua CooperAndreasG,0.81751,2
1173,Pramod Patil,Pramod Patil,0.8212,3
1174,Fionnán Alt,Fionnán Alt,0.82369,3
1175,KyleMills,KM,0.82604,3
1176,Joyce,Joyce Cahoon,0.84179,1
1177,YoungZion,YoungZion,0.86794,1
1178,Gaurav Singh Dangi,Gaurav Singh Dangi,0.87222,7
1179,LV,vivek yadavLiang Sun,0.88121,4
1180,waskita adijarto,waskita adijarto,0.88239,85
1181,Africanov,Africanov,0.88687,3
1182,sazerac,madTrinieige1123xxamot,0.89965,1
1183,alert,alert,0.90559,6
1184,juneno,juneno,0.91983,1
1185,seyab,seyab,0.93122,2
1186,Mo Patel,Mo Patel,0.93623,1
1187,Shiraz S K,Shiraz S K,0.94687,1
1188,vitaliistartedtolearn,vitaliistartedtolearn,0.9584,1
1189,Tarek Allam Jr.,Tarek Allam Jr.,0.96175,1
1190,zhangjinjin,zhangjinjin,0.96398,1
1191,Dufan Wu,Dufan Wu,0.97201,1
1192,Vinicius Carvalho,Vinicius Carvalho,0.99884,1
1193,????????? ???????,????????? ???????,1.00879,15
1194,Emmanuel Malikides,Emmanuel Malikides,1.02197,1
1195,HoliBoy,HoliBoy,1.02221,5
1196,Alan Hu,Alan Hu,1.02668,3
1197,Ong Xuan Hong,Ong Xuan Hong,1.04614,2
1198,TOOK,wanwanbeen,1.05242,1
1199,JiayinLyu,JiayinLyu,1.05544,1
1200,Wenbo,Wen,1.0666,1
1201,jrisk123,jrisk123,1.07712,1
1202,??????,??????,1.13154,3
1203,Ted,Ted,1.14658,1
1204,ThanhHoai Hoang,ThanhHoai Hoang,1.15992,12
1205,gnoses,Lion,1.24348,4
1206,kelcy,kelcy,1.29606,4
1207,Andre Grobbelaar,Andre Grobbelaar,1.33289,3
1208,yaogq,yaogq,1.34535,3
1209,Sam Sheffres,Sam Sheffres,1.70372,4
1210,wmorrill,wmorrill,1.90905,1
1211,NishantNikhil,NishantNikhil,1.98931,1
1212,guangliang2016,guangliang2016,2.59834,2
1213,UIH,Jasper,2.77291,1
1214,meyoung,meyoung,3.17901,1
1215,moonsky,moonsky,5.08952,1
1216,bhavicka,bhavicka,5.25185,2
1217,sudeeps,sudeeps,9.94298,1
1218,Henri Vanderwater,Henri Vanderwater,9.94298,3
1219,Jeff Herman,Jeff Herman,9.94298,1
1220,ShwetkamalMishra,ShwetkamalMishra,9.94298,2
1221,Adam Raveret,Adam Raveret,9.94298,1
1222,Rahul,Rahul,9.94298,2
1223,Lancet-digger,myelinjiericzhangbuaa,9.94298,1
1224,Chipicito,Chipicito,9.94298,1
1225,Kotobotov,Kotobotov,9.94298,2
1226,ThomasMartin,ThomasMartin,9.94298,1
1227,ZoliFekete,ZoliFekete,9.94298,2
1228,TimJoseph,TimJoseph,9.94298,1
1229,It_Always_Depends,ChloePontMartin SimanjuntakReturn42matthewwilfred,9.94298,2
1230,WenbingSong,WenbingSong,9.94298,10
1231,Shiyu Li,Shiyu Li,9.94298,2
1232,BUAA2017,Michael Ma,9.94298,1
1233,Hailong Bai,Hailong Bai,9.94298,5
1234,Lemon,ErikaFille,9.94298,2
1235,PhillipChin,PhillipChin,10.46631,2
1236,Jack,Jack,10.81522,1
1237,eXDee,XD,11.16409,7
1238,ahallo,ahallo,11.51298,1
1239,Convergenzia,J. Arroyo,11.8619,2
1240,Caleb,Caleb,12.73416,1
1241,5Sig,RobSmithBayesGeezerScienceRazaRizviHPhi,12.8677,2
1242,Du_Ki_Bo,Du_Ki_Bo,12.90852,6
1243,ZVision,ZVision,12.91673,1
1244,zhangxiaoya,zhangxiaoya,13.43192,3
1245,Alexey Turuta,Alexey Turuta,13.60632,1
1246,Kalypso Digital,Hugo León,13.95523,1
1247,Ronan Roue,Ronan Roue,14.12965,1
1248,??louhaha,??louhaha,15.17633,1
1249,??????? ??????,Aleksey Onishchuk,15.17637,3
1250,kpboom,Kevin Boomhouwer,15.35081,1
1251,evgenii.makarov,evgenii.makarov,16.39745,1
1252,msh,msh,17.61854,1
1253,Mateusz Jab?o?ski,Mateusz Jab?o?ski,17.84223,1
1254,Hector,Hector,20.06071,1
1255,791702141,791702141,24.42192,23
1256,t201308010414,t201308010414,24.42192,24
1257,elsa zhu,elsa zhu,24.42192,18
1258,Elsa,Elsa,24.42192,12
1259,nicoleHNU,nicoleHNU,24.42192,21
1260,dtw_2017,dtw_2017,24.42192,23
1261,wnzn,wnzn,24.42192,16
1262,yangmengdi,yangmengdi,24.42192,15
1263,ccc12345,ccc12345,24.42192,11
1264,wojiaoyangmengdi,wojiaoyangmengdi,24.42192,12
1265,hongwenjie,hongwenjie,24.42192,12
1266,emilyhnu,emilyhnu,24.42192,9
1267,cc20,cc20,24.59636,2
